PM1.0 concentration, PM2.5 concentration, PM10 concentration, Pressure(hPa), Humidity (RH), Temperature (oC), Time
3,5,5,999.8,43.08,25.64,18:45
3,5,5,999.8,43.05,25.65,18:46
3,4,4,999.81,43.03,25.63,18:46
3,4,4,999.79,43.06,25.63,18:47
3,4,4,999.8,43.06,25.63,18:47
3,4,4,999.81,43.05,25.61,18:48
3,4,4,999.83,43.1,25.59,18:48
3,4,4,999.82,43.11,25.58,18:49
3,4,4,999.8,43.15,25.57,18:49
3,4,4,999.81,43.22,25.51,18:50
3,4,4,999.83,43.28,25.5,18:50
3,4,4,999.81,43.34,25.5,18:51
3,4,4,999.82,43.32,25.51,18:51
3,4,4,999.85,43.41,25.43,18:52
3,4,4,999.82,43.49,25.41,18:52
3,4,4,999.81,43.55,25.4,18:53
3,4,4,999.81,43.47,25.35,18:53
2,3,3,999.8,43.52,25.3,18:54
2,3,3,999.82,43.58,25.21,18:54
2,3,3,999.81,43.62,25.19,18:55
2,3,3,999.81,43.7,25.17,18:55
2,3,3,999.83,43.73,25.2,18:56
2,3,3,999.81,43.75,25.21,18:56
2,3,3,999.82,43.81,25.2,18:57
2,3,3,999.84,43.9,25.15,18:57
2,3,3,999.81,43.92,25.13,18:58
2,4,4,999.84,43.97,25.11,18:58
2,4,4,999.82,44.01,25.08,18:59
2,4,4,999.82,44.01,25.05,18:59
2,3,3,999.8,44.03,24.97,19:00
2,3,3,999.84,44.04,24.96,19:00
2,3,3,999.8,44.07,24.92,19:01
2,4,4,999.84,44.08,24.95,19:01
2,4,4,999.83,44.11,24.92,19:02
2,4,4,999.83,44.13,24.94,19:02
2,4,4,999.81,44.12,24.95,19:03
2,4,4,999.82,44.12,24.97,19:03
2,4,4,999.82,44.13,24.98,19:04
2,3,4,999.81,44.12,24.99,19:04
2,3,4,999.78,44.11,24.99,19:05
2,3,4,999.84,44.13,24.99,19:05
2,3,4,999.83,44.18,24.97,19:06
2,3,4,999.79,44.21,24.91,19:06
2,3,4,999.84,44.22,24.9,19:07
2,3,4,999.81,44.28,24.81,19:07
2,3,4,999.82,44.35,24.79,19:08
2,3,4,999.84,44.38,24.81,19:08
3,4,5,999.85,44.4,24.82,19:09
3,4,5,999.83,44.42,24.83,19:09
3,4,5,999.82,44.43,24.82,19:10
3,3,4,999.82,44.46,24.8,19:10
3,3,4,999.83,44.5,24.79,19:11
3,3,4,999.82,44.52,24.78,19:11
2,3,4,999.82,44.53,24.76,19:12
2,3,4,999.82,44.57,24.71,19:12
2,3,4,999.82,44.6,24.73,19:13
3,3,4,999.8,44.6,24.75,19:13
3,3,4,999.79,44.62,24.75,19:14
3,3,4,999.76,44.68,24.74,19:14
2,3,4,999.78,44.71,24.73,19:15
2,3,4,999.8,44.75,24.69,19:15
2,3,4,999.8,44.79,24.67,19:16
3,4,4,999.79,44.8,24.68,19:16
3,4,4,999.81,44.83,24.68,19:17
3,4,4,999.81,44.84,24.68,19:17
3,4,4,999.81,44.85,24.69,19:18
3,4,4,999.78,44.84,24.69,19:18
3,4,4,999.8,44.86,24.67,19:19
3,4,4,999.8,44.9,24.64,19:19
3,4,4,999.82,44.93,24.62,19:20
3,4,4,999.8,44.97,24.61,19:20
3,4,4,999.82,44.98,24.61,19:21
3,4,4,999.8,44.95,24.63,19:21
3,4,4,999.82,44.95,24.62,19:22
3,4,4,999.8,44.95,24.63,19:22
3,4,4,999.82,44.94,24.63,19:23
3,4,4,999.83,44.95,24.64,19:23
3,4,4,999.8,45.01,24.6,19:24
3,3,3,1000.11,57.86,19.74,19:25
3,3,3,1000.08,57.91,19.73,19:25
3,3,3,1000.09,57.91,19.74,19:26
3,4,4,1000.09,57.96,19.73,19:26
3,4,4,1000.11,57.95,19.75,19:27
3,4,4,1000.1,57.96,19.75,19:27
3,3,4,1000.08,57.97,19.76,19:28
3,3,4,1000.09,58,19.77,19:28
3,3,4,1000.09,58,19.78,19:29
3,3,4,1000.1,57.97,19.78,19:29
3,3,4,1000.07,57.93,19.79,19:30
3,3,4,1000.08,57.91,19.77,19:30
3,3,4,1000.08,57.91,19.76,19:31
3,3,4,1000.06,57.9,19.77,19:31
3,3,4,1000.06,57.89,19.78,19:32
2,3,4,1000.05,57.88,19.79,19:32
2,3,4,1000.08,57.87,19.8,19:33
2,3,4,1000.03,57.86,19.8,19:33
2,3,4,1000.05,57.86,19.81,19:34
2,3,4,1000.08,57.86,19.82,19:34
2,3,4,1000.05,57.86,19.83,19:35
2,3,4,1000.05,57.85,19.83,19:35
2,3,4,1000.04,57.79,19.83,19:36
2,3,4,1000.05,57.76,19.84,19:36
2,3,4,1000.04,57.72,19.85,19:37
2,3,4,1000.05,57.71,19.85,19:37
2,3,4,1000.06,57.7,19.85,19:38
2,3,4,1000.03,57.71,19.85,19:38
2,3,4,1000.03,57.71,19.85,19:39
2,3,4,1000.05,57.7,19.86,19:39
2,3,4,1000.05,57.7,19.86,19:40
2,3,4,1000.03,57.71,19.82,19:40
2,3,4,1000.02,57.76,19.81,19:41
2,3,4,1000.05,57.8,19.8,19:41
2,3,4,1000.02,57.84,19.82,19:42
2,3,4,1000.01,57.83,19.82,19:42
2,3,4,1000.04,57.83,19.81,19:43
2,3,4,1000.05,57.84,19.81,19:43
2,3,4,1000.04,57.84,19.83,19:44
2,3,4,1000.06,57.82,19.85,19:44
2,3,4,1000.05,57.78,19.86,19:45
2,3,4,1000.06,57.75,19.86,19:45
2,3,4,1000.07,57.74,19.86,19:46
2,3,4,1000.1,57.73,19.87,19:46
2,3,4,1000.08,57.72,19.88,19:47
3,3,4,1000.07,57.71,19.88,19:47
3,3,4,1000.09,57.72,19.88,19:48
3,3,4,1000.08,57.72,19.89,19:48
3,3,4,1000.07,57.72,19.9,19:49
3,3,4,1000.04,57.73,19.9,19:49
3,3,4,1000.07,57.74,19.9,19:50
3,3,4,1000.08,57.76,19.91,19:50
3,3,4,1000.08,57.78,19.91,19:51
3,3,4,1000.1,57.78,19.92,19:51
3,3,4,1000.1,57.8,19.92,19:52
3,3,4,1000.09,57.8,19.92,19:52
3,3,4,1000.07,57.8,19.92,19:53
3,3,4,1000.09,57.8,19.92,19:53
3,3,4,1000.06,57.79,19.91,19:54
3,3,4,1000.06,57.79,19.92,19:54
3,3,4,1000.07,57.78,19.93,19:55
3,3,4,1000.09,57.78,19.93,19:55
3,3,4,1000.1,57.78,19.94,19:56
3,4,4,1000.08,57.77,19.92,19:56
3,4,4,1000.07,57.79,19.91,19:57
3,4,4,1000.07,57.82,19.92,19:57
3,3,3,1000.09,57.83,19.92,19:58
3,3,3,1000.06,57.82,19.92,19:58
3,3,3,1000.07,57.83,19.93,19:59
3,3,3,1000.1,57.83,19.93,19:59
3,3,3,1000.08,57.83,19.92,20:00
3,3,3,1000.11,57.83,19.92,20:00
3,3,3,1000.09,57.81,19.9,20:01
3,3,3,1000.07,57.81,19.9,20:01
1,2,2,1000.24,62.86,18.16,20:02
1,2,2,1000.26,62.89,18.15,20:03
1,2,2,1000.24,62.9,18.14,20:03
1,2,2,1000.25,62.9,18.15,20:04
1,2,2,1000.25,62.9,18.16,20:04
1,2,2,1000.25,62.87,18.17,20:05
1,2,2,1000.22,62.86,18.17,20:05
1,2,2,1000.23,62.83,18.18,20:06
1,2,2,1000.26,62.79,18.18,20:06
1,2,2,1000.28,62.75,18.19,20:07
1,2,2,1000.28,62.74,18.18,20:07
2,2,2,1000.26,62.72,18.17,20:08
2,2,2,1000.24,62.7,18.19,20:08
2,2,2,1000.26,62.67,18.19,20:09
2,2,2,1000.25,62.7,18.18,20:09
2,2,2,1000.23,62.72,18.18,20:10
2,2,2,1000.23,62.72,18.19,20:10
2,3,3,1000.23,62.73,18.19,20:11
2,3,3,1000.24,62.72,18.19,20:11
2,3,3,1000.22,62.71,18.19,20:12
2,3,3,1000.26,62.71,18.2,20:12
2,3,3,1000.25,62.7,18.19,20:13
2,3,3,1000.24,62.68,18.19,20:13
2,3,3,1000.25,62.68,18.18,20:14
2,3,3,1000.24,62.7,18.17,20:14
2,3,3,1000.26,62.7,18.17,20:15
2,2,2,1000.24,62.68,18.17,20:15
2,2,2,1000.26,62.68,18.16,20:16
2,2,2,1000.27,62.69,18.15,20:16
2,2,2,1000.27,62.71,18.11,20:17
2,2,2,1000.25,62.73,18.1,20:17
2,2,2,1000.3,62.75,18.11,20:18
2,2,2,1000.27,62.77,18.11,20:18
2,2,2,1000.3,62.75,18.11,20:19
2,2,2,1000.25,62.77,18.11,20:19
2,2,2,1000.28,62.77,18.11,20:20
2,2,2,1000.26,62.78,18.11,20:20
2,2,2,1000.27,62.78,18.12,20:21
1,2,2,1000.29,62.78,18.13,20:21
1,2,2,1000.3,62.77,18.14,20:22
1,2,2,1000.28,62.77,18.14,20:22
1,2,2,1000.28,62.76,18.14,20:23
1,2,2,1000.28,62.76,18.13,20:23
1,2,2,1000.28,62.74,18.13,20:24
1,2,2,1000.27,62.72,18.13,20:24
1,2,2,1000.27,62.7,18.14,20:25
1,2,2,1000.28,62.69,18.14,20:25
1,2,2,1000.28,62.69,18.14,20:26
1,2,2,1000.29,62.69,18.14,20:26
1,2,2,1000.3,62.69,18.14,20:27
1,2,2,1000.28,62.71,18.15,20:27
1,2,2,1000.3,62.74,18.14,20:28
1,2,2,1000.26,62.79,18.13,20:28
1,2,2,1000.3,62.83,18.12,20:29
1,2,2,1000.3,62.85,18.13,20:29
1,2,2,1000.28,62.86,18.12,20:30
2,3,3,1000.28,62.86,18.12,20:30
2,3,3,1000.27,62.85,18.12,20:31
2,3,3,1000.3,62.84,18.12,20:31
2,2,2,1000.29,62.85,18.12,20:32
2,2,2,1000.28,62.88,18.11,20:32
2,2,2,1000.25,62.9,18.12,20:33
2,3,3,1000.27,62.92,18.11,20:33
2,3,3,1000.25,62.93,18.1,20:34
2,3,3,1000.25,62.93,18.11,20:34
2,3,3,1000.23,62.94,18.1,20:35
2,3,3,1000.26,62.94,18.1,20:35
2,3,3,1000.24,62.94,18.1,20:36
2,3,3,1000.24,62.92,18.11,20:36
2,3,3,1000.26,62.92,18.1,20:37
2,3,3,1000.26,62.89,18.11,20:37
2,3,3,1000.26,62.87,18.1,20:38
2,3,3,1000.26,62.87,18.11,20:38
2,3,3,1000.27,62.85,18.11,20:39
2,4,5,1000.46,66.92,16.85,20:40
2,4,5,1000.45,66.93,16.84,20:40
2,4,5,1000.48,66.94,16.85,20:41
1,3,5,1000.46,66.94,16.86,20:41
1,3,5,1000.9,66.94,16.86,20:42
1,3,5,1000.49,66.93,16.85,20:42
2,3,3,1000.47,66.94,16.85,20:43
2,3,3,1000.48,66.95,16.84,20:43
2,3,3,1000.47,66.95,16.84,20:44
1,2,3,1000.48,66.95,16.85,20:44
1,2,3,1000.48,66.96,16.85,20:45
1,2,3,1000.48,66.96,16.84,20:45
2,2,3,1000.48,66.99,16.83,20:46
2,2,3,1000.48,66.97,16.84,20:46
2,2,3,1000.47,66.97,16.83,20:47
1,2,3,1000.46,66.98,16.84,20:47
1,2,3,1000.47,66.96,16.84,20:48
1,2,3,1000.47,66.97,16.84,20:48
1,3,3,1000.51,66.98,16.84,20:49
1,3,3,1000.49,66.96,16.84,20:49
1,3,3,1000.47,66.96,16.84,20:50
1,2,3,1000.5,66.95,16.84,20:50
1,2,3,1000.49,66.94,16.84,20:51
1,2,3,1000.46,66.94,16.84,20:51
1,2,2,1000.47,66.94,16.84,20:52
1,2,2,1000.5,66.94,16.84,20:52
1,2,2,1000.5,66.95,16.84,20:53
1,1,1,1000.5,66.94,16.85,20:53
1,1,1,1000.5,66.96,16.85,20:54
1,1,1,1000.49,66.98,16.84,20:54
1,2,2,1000.5,66.99,16.84,20:55
1,2,2,1000.49,67,16.84,20:56
1,2,2,1000.46,66.99,16.5,20:56
1,2,2,1000.47,66.99,16.85,20:57
1,2,2,1000.47,66.98,16.86,20:57
1,2,2,1000.47,66.98,16.86,20:58
1,2,2,1000.46,66.99,16.86,20:58
1,2,2,1000.48,66.99,16.85,20:59
1,2,2,1000.47,66.98,16.86,20:59
1,2,2,1000.47,66.98,16.85,21:00
1,2,2,1000.48,66.96,16.85,21:00
1,2,2,1000.48,66.98,16.85,21:01
1,2,2,1000.44,66.99,16.85,21:02
1,2,2,1000.46,66.99,16.86,21:03
1,2,2,1000.48,66.99,16.86,21:03
1,2,2,1000.47,66.98,16.86,21:04
1,2,2,1000.48,66.98,16.86,21:04
1,2,2,1000.48,66.98,16.86,21:05
1,2,2,1000.49,66.98,16.87,21:05
1,2,2,1000.9,67,16.85,21:06
2,2,3,1000.53,67.06,16.84,21:08
2,2,3,1000.52,67.08,16.84,21:08
2,2,3,1000.51,67.09,16.84,21:09
2,2,3,1000.51,67,16.83,21:09
2,3,3,1000.5,67.1,16.83,21:10
2,3,3,1000.49,67.11,16.82,21:10
2,3,3,1000.53,67.13,16.8,21:11
2,3,3,1000.1,67.15,16.81,21:11
2,3,3,1000.5,67.16,16.81,21:12
2,3,3,1000.5,67.16,16.81,21:12
2,3,3,1000.52,67.15,16.82,21:13
2,3,3,1000.51,67.14,16.83,21:13
2,3,3,1000.49,67.11,16.83,21:14
2,3,3,1000.53,67.11,16.83,21:14
2,3,3,1000.52,67.12,16.82,21:15
2,3,3,1000.51,67.11,16.82,21:15
2,3,3,1000.49,71,16.82,21:16
2,3,3,1000.5,67.11,16.84,21:17
2,4,5,1000.66,69.89,16.38,21:18
2,4,5,1000.67,69.87,16.38,21:18
2,4,5,1000.66,69.89,16.38,21:19
2,4,5,1000.68,69.87,16.38,21:19
2,4,5,1000.68,69.88,16.38,21:20
2,4,5,1000.67,69.89,16.39,21:20
2,4,5,1000.65,69.9,16.39,21:21
2,4,5,1000.68,69.91,16.39,21:21
2,3,4,1000.69,69.91,16.38,21:22
2,3,4,1000.69,69.92,16.38,21:22
2,3,4,1000.64,69.91,16.39,21:23
2,3,4,1000.65,69.92,16.39,21:23
2,3,4,1000.67,69.91,16.4,21:24
2,3,4,1000.64,69.9,16.39,21:24
2,3,4,1000.65,69.91,16.38,21:25
2,3,4,1000.66,69.91,16.38,21:25
2,3,4,1000.64,69.1,16.38,21:26
2,3,3,1000.65,69.9,16.39,21:26
2,3,3,1000.66,69.88,16.39,21:27
2,3,3,1000.68,69.85,16.39,21:27
2,3,4,1000.65,69.85,16.39,21:28
2,3,4,1000.67,69.85,16.39,21:29
2,3,4,1000.67,69.85,16.38,21:29
2,3,3,1000.66,69.86,16.38,21:30
2,3,3,1000.65,69.87,16.38,21:30
2,3,3,1000.67,69.88,16.37,21:31
2,2,2,1000.66,69.89,16.38,21:31
2,2,2,1000.65,69.89,16.38,21:32
2,2,2,1000.68,69.89,16.38,21:32
2,3,3,1000.66,69.87,16.38,21:33
2,3,3,1000.67,69.88,16.39,21:33
2,3,3,1000.69,69.87,16.39,21:34
2,2,3,1000.66,69.85,16.39,21:34
2,2,3,1000.66,69.86,16.39,21:35
2,2,3,1000.65,69.86,16.39,21:35
2,3,3,1000.68,69.88,16.39,21:36
2,3,3,1000.66,69.88,16.39,21:36
2,3,3,1000.64,69.88,16.39,21:37
2,3,4,1000.65,69.87,16.4,21:37
2,3,4,1000.68,69.87,16.4,21:38
2,3,4,1000.65,69.87,16.39,21:38
2,3,4,1000.64,69.87,16.39,21:39
2,3,4,1000.66,69.89,16.39,21:39
2,3,4,1000.66,69.9,16.39,21:40
3,4,5,1000.67,69.9,16.39,21:40
3,4,5,1000.66,69.9,16.38,21:41
3,4,5,1000.66,69.9,16.39,21:41
3,4,5,1000.65,69.9,16.4,21:42
3,4,5,1000.64,69.9,16.4,21:42
3,4,5,1000.68,69.89,16.4,21:43
3,4,5,1000.63,69.87,16.41,21:43
3,4,5,1000.64,69.87,16.4,21:44
3,4,5,1000.66,69.85,16.41,21:44
3,4,5,1000.64,69.83,16.41,21:45
3,4,5,1000.7,69.82,16.41,21:45
3,4,5,1000.67,69.81,16.41,21:46
3,4,6,1000.69,69.81,16.41,21:46
3,4,6,1000.66,69.79,16.42,21:47
3,4,6,1000.67,69.78,16.4,21:47
3,4,5,1000.68,69.78,16.42,21:48
3,4,5,1000.67,69.78,16.41,21:48
3,4,5,1000.68,69.79,16.41,21:49
3,4,5,1000.68,69.8,16.4,21:49
3,4,5,1000.65,69.81,16.4,21:50
3,4,5,1000.64,69.82,16.4,21:50
3,4,5,1000.68,69.82,16.41,21:51
3,4,5,1000.68,69.81,16.41,21:51
3,4,5,1000.67,69.81,16.41,21:52
2,4,4,1000.66,69.8,16.41,21:52
2,4,4,1000.68,69.79,16.41,21:53
2,4,4,1000.67,69.79,16.4,21:53
2,3,3,1000.64,69.79,16.4,21:54
2,3,3,1000.67,69.79,16.41,21:54
2,3,3,1000.83,69.87,16.17,21:55
2,3,3,1000.87,69.87,16.17,21:56
2,3,3,1000.84,69.88,16.18,21:56
2,3,3,1000.86,69.88,16.17,21:57
2,3,3,1000.85,69.88,16.17,21:57
2,3,3,1000.85,69.88,16.17,21:58
2,3,3,1000.84,69.87,16.18,21:58
2,3,3,1000.87,69.87,16.18,21:59
2,3,3,1000.86,69.88,16.18,21:59
3,3,3,1000.83,69.87,16.18,22:00
3,3,3,1000.83,69.87,16.18,22:00
3,3,3,1000.85,69.86,16.18,22:01
3,4,4,1000.85,69.86,16.19,22:01
3,4,4,1000.85,69.84,16.19,22:02
3,4,4,1000.83,69.84,16.18,22:02
2,3,3,1000.84,69.83,16.19,22:03
2,3,3,1000.82,69.83,16.18,22:03
2,3,3,1000.86,69.83,16.18,22:04
2,4,4,1000.86,69.84,16.19,22:04
2,4,4,1000.85,69.83,16.19,22:05
2,4,4,1000.82,69.85,16.19,22:05
3,4,4,1000.85,69.83,16.21,22:06
3,4,4,1000.85,69.83,16.2,22:06
3,4,4,1000.84,69.83,16.21,22:07
3,4,4,1000.84,69.81,16.21,22:07
3,4,4,1000.83,69.82,16.2,22:08
3,4,4,1000.83,69.81,16.2,22:08
3,4,4,1000.81,69.83,16.21,22:09
3,4,4,1000.84,69.83,16.21,22:09
3,4,4,1000.81,69.83,16.21,22:10
3,4,4,1000.84,69.83,16.21,22:10
3,4,4,1000.81,69.83,16.21,22:11
3,4,4,1000.79,69.82,16.21,22:11
3,4,4,1000.83,69.83,16.21,22:12
3,4,4,1000.83,69.8,16.22,22:12
3,4,4,1000.81,69.79,16.22,22:13
3,4,4,1000.84,69.78,16.22,22:13
3,4,4,1000.82,69.78,16.22,22:14
3,4,4,1000.84,69.77,16.22,22:14
3,4,4,1000.86,69.77,16.23,22:15
3,4,4,1000.81,69.76,16.23,22:15
3,4,4,1000.85,69.75,16.24,22:16
3,4,4,1000.84,69.75,16.24,22:16
3,4,4,1000.82,69.74,16.24,22:17
3,4,4,1000.81,69.75,16.24,22:17
3,5,5,1000.85,69.74,16.24,22:18
3,5,5,1000.82,69.74,16.24,22:18
3,5,5,1000.82,69.74,16.24,22:19
3,5,5,1000.83,69.74,16.24,22:19
3,5,5,1000.8,69.72,16.23,22:20
3,5,5,1000.81,69.74,16.24,22:20
3,5,5,1000.84,69.74,16.23,22:21
3,5,5,1000.83,69.75,16.23,22:21
3,5,5,1000.85,69.75,16.23,22:22
3,5,5,1000.86,69.76,16.23,22:22
3,5,5,1000.83,69.76,16.23,22:23
3,5,5,1000.86,69.76,16.23,22:23
3,5,6,1000.87,69.79,16.22,22:24
3,5,6,1000.88,69.79,16.21,22:24
3,5,6,1000.84,69.81,16.21,22:25
2,5,5,1000.84,69.81,16.21,22:25
2,5,5,1000.84,69.81,16.21,22:26
2,5,5,1000.84,69.81,16.21,22:26
2,4,5,1000.84,69.83,16.21,22:27
2,4,5,1000.85,69.83,16.2,22:27
2,4,5,1000.84,69.84,16.21,22:28
3,4,5,1000.85,69.84,16.21,22:28
3,4,5,1000.82,69.85,16.2,22:29
3,4,5,1000.86,69.86,16.2,22:29
3,4,5,1000.82,69.87,16.2,22:30
3,4,5,1000.83,69.87,16.19,22:30
3,4,5,1000.85,69.88,16.2,22:31
3,4,5,1000.85,69.88,16.19,22:31
3,4,5,1000.84,69.89,16.19,22:32
4,7,7,1000.97,69.45,16.18,22:33
4,7,7,1000.96,69.44,16.18,22:33
4,7,7,1000.97,69.43,16.18,22:34
4,7,7,1000.95,69.42,16.18,22:34
4,7,7,1000.96,69.42,16.18,22:35
4,7,7,1000.98,69.42,16.19,22:35
4,7,7,1000.94,69.42,16.18,22:36
4,7,7,1000.95,69.41,16.19,22:36
4,7,7,1000.96,69.41,16.19,22:37
4,6,7,1000.97,69.39,16.19,22:37
4,6,7,1000.97,69.38,16.18,22:38
4,6,7,1000.98,69.38,16.18,22:38
4,6,7,1000.96,69.38,16.18,22:39
4,6,7,1000.99,69.38,16.18,22:39
4,6,7,1000.97,69.38,16.18,22:40
4,7,9,1000.96,69.39,16.17,22:40
4,7,9,1000.99,69.39,16.18,22:41
4,7,9,1000.95,69.39,16.18,22:41
5,7,9,1000.97,69.38,16.18,22:42
5,7,9,1000.96,69.38,16.19,22:42
5,7,9,1000.97,69.37,16.19,22:43
5,9,9,1001,69.36,16.19,22:43
5,9,9,1000.99,69.37,16.18,22:44
5,9,9,1000.95,69.37,16.19,22:44
5,7,9,1000.97,69.37,16.19,22:45
5,7,9,1000.98,69.37,16.2,22:45
5,7,9,1000.98,69.36,16.2,22:46
4,6,7,1000.95,69.35,16.19,22:46
4,6,7,1000.93,69.34,16.2,22:47
4,6,7,1000.94,69.33,16.2,22:47
4,6,7,1000.96,69.33,16.19,22:48
4,6,7,1000.99,69.32,16.19,22:48
4,6,7,1000.98,69.32,16.2,22:49
4,6,6,1000.96,69.31,16.19,22:49
4,6,6,1000.99,69.31,16.19,22:50
4,6,6,1000.98,69.31,16.19,22:50
4,6,7,1000.97,69.33,16.19,22:51
4,6,7,1000.99,69.31,16.19,22:51
4,6,7,1000.96,69.33,16.19,22:52
5,7,7,1000.97,69.33,16.19,22:52
5,7,7,1000.98,69.3,16.2,22:53
5,7,7,1000.94,69.31,16.19,22:53
5,7,7,1000.97,69.31,16.18,22:54
5,7,7,1000.99,69.32,16.18,22:54
5,7,7,1000.99,69.32,16.17,22:55
5,6,7,1000.96,69.32,16.17,22:55
5,6,7,1000.96,69.33,16.18,22:56
5,6,7,1000.97,69.32,16.18,22:56
5,7,7,1000.96,69.33,16.18,22:57
5,7,7,1000.96,69.34,16.18,22:57
5,7,7,1000.95,69.33,16.17,22:58
5,6,7,1000.98,69.35,16.17,22:58
5,6,7,1000.96,69.35,16.17,22:59
5,6,7,1000.99,69.35,16.17,22:59
5,7,7,1000.97,69.35,16.17,23:00
5,7,7,1001,69.35,16.16,23:00
5,7,7,1000.98,69.37,16.15,23:01
5,6,7,1000.99,69.38,16.15,23:01
5,6,7,1000.96,69.39,16.14,23:02
5,6,7,1000.97,69.4,16.14,23:02
5,7,7,1000.96,69.41,16.13,23:03
5,7,7,1000.98,69.42,16.13,23:03
5,7,7,1000.98,69.44,16.13,23:04
5,7,9,1000.97,69.44,16.13,23:04
5,7,9,1001,69.44,16.13,23:05
5,7,9,1001.01,69.44,16.13,23:05
5,6,6,1001.01,69.44,16.13,23:06
5,6,6,1001,69.45,16.12,23:06
5,6,6,1000.99,69.46,16.11,23:07
5,6,6,1001.01,69.49,16.11,23:07
5,6,6,1001.03,69.49,16.12,23:08
5,6,6,1001.01,69.5,16.11,23:08
5,6,6,1001.01,69.51,16.11,23:09
5,6,6,1001.05,69.51,16.11,23:09
5,7,7,1001.13,70.03,16.03,23:10
5,7,7,1000.09,70,16.03,23:11
4,7,7,1001.09,70.07,16.03,23:11
4,7,7,1001.1,70.08,16.02,23:12
4,7,7,1001.12,70.7,16.03,23:12
4,7,7,1001.1,70.07,16.02,23:13
4,8,8,1001.15,70.06,16.02,23:13
4,8,8,1001.11,70.06,16.02,23:14
5,8,9,1001.15,70.06,16.02,23:14
5,7,9,1000.12,70.06,16.03,23:15
5,7,10,1001.11,70.07,16.03,23:16
5,7,10,1001.09,70.07,16.02,23:16
5,7,10,1001.1,70.08,16.02,23:17
5,9,10,1001.11,70.08,16.02,23:17
5,9,10,1001.12,70.08,16.02,23:18
5,9,10,1001.13,70.09,16.02,23:18
5,9,10,1001.11,70.09,16.01,23:19
5,9,10,1000.1,70.1,16.01,23:19
5,9,10,1001.08,70.12,16.01,23:20
5,9,10,1001.1,70.12,16,23:21
5,9,10,1001.1,70.12,16,23:21
5,9,10,1001.1,70.13,16,23:22
5,9,10,1001.11,70.12,16.01,23:22
5,9,10,1001.12,70.12,16.01,23:23
5,7,9,1001.12,70.12,16.01,23:23
5,7,9,1001.1,70.09,16.01,23:24
5,7,9,1001.09,70.07,16.02,23:24
5,7,9,1001.08,70.06,16.02,23:25
5,7,9,1001.1,70.04,16.02,23:25
5,7,9,1001,70.05,16.02,23:26
5,7,9,1001.09,70.05,16.02,23:26
5,7,9,1001.11,70.05,16.03,23:27
5,7,9,1001.09,70.04,16.03,23:27
5,7,10,1001.1,70.03,16.03,23:28
5,7,10,1001.1,70.01,16.03,23:28
5,7,9,1001.1,70.03,16.03,23:29
5,7,9,1001.09,70.01,16.03,23:30
5,7,7,1001.1,70.03,16.04,23:31
5,7,7,1001.1,70.02,16.04,23:31
5,7,7,1001.12,70.03,16.04,23:32
4,7,7,1001.1,70.2,16.04,23:32
4,7,7,1001.09,70.02,16.04,23:33
4,7,7,1001.09,70.02,16.04,23:33
4,6,6,1001.11,70.03,16.04,23:34
4,6,6,1001.09,70.04,16.04,23:34
4,6,6,1001.06,70.06,16.04,23:35
4,6,6,1001.09,70.06,16.04,23:35
4,6,6,1001.07,70.08,16.05,23:36
4,6,6,1001.07,70.08,16.05,23:36
4,7,7,1001.11,70.08,16.05,23:37
4,7,7,1001.1,70.09,16,23:37
4,7,7,1001.07,70.09,16.05,23:38
4,7,7,1001.09,70.1,16.05,23:38
4,7,7,1001.08,70.1,16.06,23:39
4,7,7,1001.1,70.09,16.06,23:39
4,6,6,1001,70.09,16.05,23:40
4,6,6,1001.09,70.08,16.05,23:40
4,6,6,1001.1,70.09,16.06,23:41
4,6,6,1001.11,70.07,16.06,23:41
4,6,6,1001.13,70.07,16.06,23:42
4,6,6,1001.12,70.07,16.07,23:42
4,6,6,1001.11,70.07,16.07,23:43
4,6,6,1001.12,70.06,16.07,23:43
4,6,6,1001.13,70.05,16.08,23:44
4,6,6,1001.1,70.06,16.07,23:45
4,6,6,1001.11,70.07,16.06,23:45
4,7,7,1001.14,70.08,16.06,23:46
4,7,7,1001.11,70.08,16.05,23:46
26,44,56,1001.2,70.95,15.76,23:47
29,49,63,1001.21,70.95,15.76,23:48
32,53,71,1001.19,70.95,15.76,23:48
33,57,77,1001.2,70.94,15.76,23:49
36,60,81,1001.19,70.93,15.76,23:49
38,65,84,1001.19,70.92,15.76,23:50
40,72,88,1001.18,70.91,15.76,23:50
40,74,89,1001.19,70.91,15.76,23:51
38,66,84,1001.19,70.9,15.77,23:51
38,61,83,1001.19,70.88,15.76,23:52
38,61,83,1001.19,70.87,15.76,23:52
38,61,83,1001.18,70.86,15.76,23:53
35,58,77,1001.17,70.86,15.76,23:53
32,55,71,1001.2,70.85,15.76,23:54
31,51,66,1001.19,70.85,15.77,23:54
29,49,62,1001.19,70.84,15.78,23:55
26,46,58,1001.17,70.83,15.77,23:55
24,41,52,1001.19,70.83,15.77,23:56
20,37,44,1001.19,70.83,15.77,23:56
17,34,36,1001.21,70.83,15.77,23:57
16,32,36,1001.18,70.84,15.77,23:57
15,31,34,1001.18,70.84,15.78,23:58
15,33,35,1001.18,70.83,15.78,23:58
17,35,38,1001.19,70.83,15.77,23:59
17,36,41,1001.21,70.85,15.78,23:59
17,36,41,1001.19,70.85,15.77,0:00
17,36,40,1001.22,70.86,15.77,0:00
18,36,40,1001.23,70.86,15.77,0:01
18,36,40,1001.2,70.86,15.77,0:01
18,35,40,1001.24,70.86,15.77,0:02
19,36,41,1001.18,70.85,15.76,0:02
20,36,42,1001.17,70.85,15.76,0:03
20,36,42,1001.21,70.84,15.77,0:03
20,35,40,1001.2,70.84,15.77,0:04
20,35,41,1001.19,70.85,15.77,0:04
20,35,41,1001.18,70.84,15.77,0:05
21,36,42,1001.16,70.85,15.76,0:05
20,35,41,1001.2,70.85,15.77,0:06
20,35,40,1001.17,70.85,15.77,0:06
21,36,41,1001.21,70.85,15.77,0:07
18,36,41,1001.18,70.85,15.77,0:07
18,36,41,1001.17,70.84,15.77,0:08
18,37,41,1001.15,70.84,15.77,0:08
18,37,41,1001.18,70.84,15.77,0:09
18,37,41,1001.16,70.84,15.77,0:09
19,37,41,1001.18,70.84,15.77,0:10
18,35,39,1001.19,70.86,15.76,0:10
18,36,39,1001.19,70.86,15.76,0:11
18,35,39,1001.18,70.87,15.77,0:11
18,37,39,1001.18,70.9,15.76,0:12
18,36,39,1001.19,70.9,15.76,0:12
17,35,38,1001.18,70.91,15.77,0:13
17,32,35,1001.17,70.92,15.76,0:13
16,31,35,1001.15,70.92,15.76,0:14
16,29,34,1001.18,70.92,15.76,0:14
15,29,34,1001.19,70.91,15.76,0:15
15,30,35,1001.19,70.91,15.75,0:15
14,28,32,1001.19,70.91,15.75,0:16
14,29,34,1001.2,70.93,15.74,0:16
14,29,33,1001.17,70.95,15.74,0:17
14,26,32,1001.18,70.97,15.74,0:17
14,26,32,1001.17,70.96,15.73,0:18
14,26,32,1001.17,70.95,15.73,0:18
13,26,31,1001.16,70.94,15.73,0:19
13,26,31,1001.17,70.93,15.74,0:19
13,26,31,1001.17,70.92,15.75,0:20
14,27,31,1001.17,70.92,15.75,0:20
13,27,32,1001.17,70.94,15.75,0:21
14,27,32,1001.17,70.95,15.75,0:21
15,28,31,1001.16,70.96,15.75,0:22
15,28,31,1001.16,70.96,15.75,0:22
16,26,30,1001.17,70.95,15.76,0:23
16,28,32,1001.17,70.94,15.76,0:23
4,8,9,1001.05,74.04,14.97,0:24
5,8,9,1001.03,74.04,14.97,0:25
5,8,9,1001.07,74.04,14.97,0:25
5,8,9,1001.04,74.04,14.97,0:26
5,9,9,1001.07,74.05,14.97,0:26
5,9,9,1001.06,74.05,14.97,0:27
5,9,9,1001.04,74.05,14.97,0:27
5,9,9,1001.07,74.05,14.97,0:28
5,9,9,1001.06,74.05,14.97,0:28
5,9,9,1001.05,74.06,14.97,0:29
5,9,10,1001.05,74.06,14.96,0:29
5,9,10,1001.06,74.07,14.97,0:30
5,9,10,1001.04,74.09,14.97,0:30
6,9,10,1001.04,74.09,14.97,0:31
6,9,10,1001.03,74.1,14.96,0:31
6,9,10,1001.06,74.08,14.98,0:32
6,8,9,1001.06,74.08,14.97,0:32
6,8,9,1001.05,74.07,14.96,0:33
6,8,9,1001.05,74.06,14.97,0:33
6,9,9,1001.05,74.07,14.97,0:34
6,9,9,1001.04,74.08,14.96,0:34
6,9,9,1001.07,74.08,14.96,0:35
6,9,10,1001.05,74.1,14.96,0:35
6,9,10,1001.06,74.11,14.96,0:36
6,9,10,1001.04,74.14,14.96,0:36
6,9,10,1001.02,74.14,14.96,0:37
6,9,10,1001.04,74.14,14.96,0:37
6,9,10,1001.04,74.15,14.95,0:38
6,9,10,1001.06,74.14,14.96,0:38
6,9,10,1001.06,74.13,14.96,0:39
6,9,10,1001.06,74.12,14.97,0:39
6,9,10,1001.04,74.12,14.96,0:40
6,9,10,1001.07,74.13,14.96,0:40
6,9,10,1001.05,74.14,14.97,0:41
6,9,10,1001.03,74.14,14.96,0:41
6,9,10,1001.05,74.15,14.95,0:42
6,9,10,1001.04,74.15,14.96,0:42
6,9,10,1001.05,74.15,14.95,0:43
6,9,10,1001.04,74.14,14.96,0:43
6,9,10,1001.03,74.14,14.95,0:44
6,9,10,1001.05,74.13,14.95,0:44
6,9,10,1001.06,74.13,14.96,0:45
6,9,10,1001.06,74.14,14.96,0:45
